numeroClient;vehicle_id;vehicule;Immat;unid_id;telephone;Date COMM
40044;;206 blanche;DC119ZQ;912441316;33642365632;
90006;;912444175;912444175;912444175;33682089979;
30007;;MASTER 1;;912440364;33645448973;
30007;;TRAFIC;;912443475;33688002604;
30016;;CITROEN C8;BA-560-BQ;912443403;33676986044;
30078;;ROBION;BZ 311 ZB;613321233;33671443142;
30078;;PARIS VAN;;613460923;33671479667;
10062;;santa fe;CD 422WW;912440360;33645448841;
10062;;LAGUNA;CV622VZ;912440361;3,36E+12;
10062;;I 40;BW862PQ;912440370;33645448858;
10098;;peugeot 508 ANGE;864 VT;613461475;33676460407;
10098;;607 berline;;613461623;33647621053;
10098;;Latitude;Bf318ZR;912441350;33674568441;
30038;;MERCEDES;CX183GN;912441971;33688379945;
30038;;FIAT NOIR;AC906AJ;912441972;33683287856;
30038;;Att Pose - 912441976;Att Pose - 912441976;912441976;33681185365;
30038;;VW;BB240WP;912441986;33688372493;
30038;;MERCEDES VITO;AM926CH;912441987;33688378188;
30038;;FIAT GRISE ;238 DCE 38;912441991;33684426366;
30038;;TRAFFIC;CM953EM;912441992;33684727205;
20123;;JUMPY;BY038QT;613321511;33631524815;
20123;;C3 COMMERCIAL;AR266CC;912441281;33789590045;
20123;;;;912444076;33689911211;
20123;;LENAIC;AF650MD;912444105;33645718659;
20123;;CLIO COMMERCIAL;BB 795 NA;912444106;33678507044;
40121;;17M ;CF-096-TQ;613321365;33672938171;
40121;;20M Black;CF-961-AL;613460800;33683722019;
30006;;TRAFIC;1833 VS 73;613321569;33789591145;
40126;;614270076;614270076;614270076;33788040143;
40126;;614270090;614270090;614270090;33671772758;
40126;;614270096;614270096;614270096;33671773033;
40045;;trafic;CD-617-TC;912444083;33786079809;
40023;;613321873;613321873;613321873;33689056906;
40023;;912442814;Cs 686 tj;912442814;33643846900;
40023;;912442825;DB 463 pe;912442825;33677093801;
20033;;1;BX-831-HY;912441522;33785602315;
20033;;5;BX-616-TH;912442997;33787061876;
40114;;RIMA;DE 053 NB;912441243;33686245180;
40114;;RIMA 2;BF 413 LK;912441287;33686245493;
40043;;T 5;T 5;613321865;33786290043;
40043;;VITO;VITO;613461611;33679379923;
40043;;220;220;912441105;33684942395;
40043;;0;;912441108;33678447480;
40043;;0;;912441128;33670852283;
40043;;0;;912441154;33645506308;
40043;;174;174;912441317;33788073163;
40043;;Trafic ;Trafic;912442900;33631880153;
40043;;MASTER;MASTER;912443483;33685535135;
40043;;53;53;912443510;33632147491;
40043;;112;112;912444089;33683719345;
40043;;DUCATO;DUCATO;912444183;33687528071;
90003;;trafic 9 places;CS835TE;613461798;33683721445;
90003;;chevrolet spark;CG970TG;912440301;33608490977;
90003;;megane 3;DB-596-MN;912442710;33789591395;
90003;;0;;912444022;33789591497;
40075;;ford john;CR447KG30;912442816;33608217654;
10097;;IVECO BENJI;Sav- 912440437;912440437;33645448297;
10097;;IVECO ED;CD 115 EA;912443378;33672867899;
10097;;FORD TRANSIT;BM 208 GM;912443383;33607221783;
10097;;PEUGEOT BEN;BM 701 LV;912443384;33670148223;
10097;;FORD CONNECT;CP 892 DC;912443408;33677783848;
10097;;PEUGEOT MIKA;912444099;912444099;33677507080;
30102;;SCUDO;912443377;912443377;33647786028;
30102;;912443390;912443390;912443390;33677746344;
30023;;UDAYAN;DA 776 MP;912443336;33766290046;
30023;;Att Pose - 912443337;Att Pose - 912443337;912443337;33607222356;
30023;;NELSON;BT 135 RP;912443342;33608246135;
30023;;JEYAM;AH 803 SZ;912443347;33632089667;
30023;;RAJAN;CV 100 TL;912443351;33786290177;
30023;;FRANCK;Att Pose - 912443352;912443352;33686038495;
30023;;MUHUNTHAN;AZ 776 SY;912443355;33608745988;
30023;;DIEGO;BN 005 JS;912443356;33786290144;
30023;;THARMA;CZ 738 GN;912443360;33685937434;
30023;;SONY;DF - 349 -WT;912443371;33632566256;
30026;;trafic noir;BX-147-ZK;912440354;33640644413;
30026;;kangoo blanc;AS-917-YF;912440389;33640953639;
30026;;KANGOO NOIR 7 PLACE;CN-433-GH;912441531;33631565260;
30026;;PEUGEOT EXPERT BLEU;BE-477-AM;912442944;33683287822;
30026;;TRAFIC 9 PLACES GRIS;3189ZD17;912443389;33670061374;
30026;;C15;BW-845-HP;912443534;33648535719;
40028;;c3 AUTO ECOLE;912442743;912442743;33647628206;
40122;;613321226;613321226;613321226;33688739548;
40122;;613321253;613321253;613321253;33631569017;
40122;;613321284;613321284;613321284;33689273836;
40122;;613321285;613321285;613321285;33686219443;
40122;;613321317;613321317;613321317;33608726952;
40122;;Recreo 928;CY-928-NF;613460806;33688360050;
40122;;613460827;613460827;613460827;33676554550;
40122;;Recreo 063;CY-063-NG;613460835;33785176333;
40122;;Magelys 409;409 YA 26;613460880;33689355924;
40122;;Trafic 338;338 WG 26;614270046;33632280194;
40122;;Custom 291;DE-291-ZK;614270285;33632280441;
40122;;Saxo 619;DK-619-DY;614270304;33683725676;
40122;;Daily 1004;1004 XS 26;912441070;33608978681;
40122;;Saxo 027;BZ-027-GN;912442755;33789512360;
40122;;912442775;912442775;912442775;33640149601;
40122;;Trafic 2121;2121 XG 26;912442906;33642835771;
40122;;Recreo 919;CW-919-YY;912443834;33681386410;
20054;;car 1;car 1;912443803;33645582449;
20054;;car 2;car 2;912443809;33645449793;
30042;;HH956;CY-956-HH;613321332;33677644863;
40100;;ASTRON T916;CQ-605-DL;613460974;33688925093;
30022;;453M;453M;912441415;33674284038;
30022;;822;822;912441967;33683922336;
30022;;176;176;912441970;33683287813;
30022;;473;473;912441975;33682566422;
30022;;336;336;912441984;33632960036;
30022;;136;136;912441985;33682089884;
30022;;506;506;912441988;33687515823;
30022;;681;681;912441989;33687858677;
30022;;744;744;912441990;33637162130;
30022;;604;604;912443346;33680031304;
30022;;535;535;912443421;33685534174;
50001;;Mercedes E200;BR-412-ML;912442750;33640179828;
20077;;613461478;613461478;613461478;33684093875;
30096;;JOEL;613321283;613321283;33607416599;
30096;;ERIC;613321506;613321506;33670879011;
30096;;0;;613321524;33608225975;
30096;;OLIVIER LU;912441165;912441165;33677522893;
30096;;PASCAL;912443997;912443997;33789591231;
30096;;LOIC 1;912444001;912444001;33647312781;
30070;;Espace;CB-288-KH;912441160;33683721386;
30070;;Passat;BL-416-HV;912441330;33787163045;
30070;;508;CW-325-VY;912442855;33675929362;
30070;;Octavia;CY-454-LY;912442859;33677272708;
20120;;NV400 CAM BEN;DD-535-KR;613461507;33688164147;
20120;;C15 Serge;8436-WG-72;912441099;33632040061;
20120;;Iveco Charles-Antoine;2490-WY-72;912441146;33632739110;
20120;;0;;912441155;33647431065;
20120;;Peugeot Jean-Marc;2811-XH-72;912441244;33638278617;
20120;;NV200 Jean-Luc L;CS -076-ZM;912441357;33789497856;
20120;;Primastar Christian;DC-786-RM;912441429;33645600639;
20120;;Kangoo Nicolas;1046-WG-72;912441982;33681660666;
20120;;Jumpy Jean-Luc P;6129-VR-72;912442749;33643851157;
20120;;Transit Pedro;7736-XY-72;912443407;33645449516;
20120;;0;;912443481;33682894289;
20120;;Kangoo Philippe;BV-972-DJ;912444075;33645960260;
40098;;CORA;912441189;912441189;33643725486;
40098;;912444000;912444000;912444000;33640335556;
10039;;PEUGEOT BOXER;1223 GQ 2A;912441578;33645449457;
20073;;PEUGEOT 207;912443442;912443442;33689278658;
20073;;912443502;912443502;912443502;33607433110;
30044;;613321289;613321289;613321289;33632737490;
30044;;912444167;912444167;912444167;33689169969;
40129;;614270042;614270042;614270042;33632281320;
40129;;NELSON;614270063;614270063;33632280303;
40129;;614270318;614270318;614270318;33632280392;
20083;;mercedes axor grue;BE472MK;912442789;3,31E+11;
20083;;Clio 2;3259 WN 37;912442802;33608224874;
20083;;nissan juke;CG 906 PD;912442809;33645600610;
20083;;Twingo AJ887LX;AJ887LX;912442813;33647498980;
20083;;citroen c3 BG478VD;BG478VD;912442818;33645600976;
20040;;VSL 307;AT 026 MV;912440339;33640646253;
20040;; TAXI MERCEDES;BY 779 QS;912440439;33675449010;
20040;;TAXI LATITUDE;BL 943 AX;912441143;33683718600;
20040;;0;;912441424;33644327689;
20040;;TAXI C4;BQ 849 LT;912441493;33788349102;
20040;;AMBU TRAFFIC;AA 706 BS;912442923;33608228838;
20040;;TAXI 407;BF 989 BP;912442953;33684527536;
20040;;VSL BERLINGO TPMR;DB 857 GA;912442963;33631571585;
20040;;AMBU VIVARO;CE 553 DN;912442973;33788347057;
20040;;VSL FLUENCE;AV 329 GS;912442980;33640645359;
20040;; TAXI TRAFFIC TPMR;AX 691 SF;912443515;33677808912;
20040;; TAXI MERIVA;BZ 285 BG;912443522;33678507797;
20040;;TAXI TEPEE TPMR;BX 366 HE;912443529;33678508505;
20040;;TAXI 508;BP 242 YD;912443530;33678507506;
20019;;Mascotte 20m3;613461827;613461827;33676554678;
20019;;Master ;BL 352 YD;912444053;33676554761;
20104;;912441151;912441151;912441151;33637470252;
20063;;912441959;912441959;912441959;33689382017;
20063;;LUDOVIC PECQUEUX;912441960;912441960;33682894433;
20063;;912441963;912441963;912441963;33681381408;
20063;;912441964;912441964;912441964;33681312556;
20063;;912441965;912441965;912441965;33689864686;
20063;;912441969;912441969;912441969;33689383015;
20063;;912442742;912442742;912442742;33643846286;
20063;;912442744;912442744;912442744;33645890682;
20063;;912442746;912442746;912442746;33648339482;
20063;;912442754;912442754;912442754;33645486384;
20063;;912442796;912442796;912442796;33645890664;
20063;;912442803;912442803;912442803;33645486376;
20063;;912442807;912442807;912442807;33675892049;
20063;;912443437;912443437;912443437;33631073924;
20063;;912443438;912443438;912443438;33645162204;
20063;;912443443;912443443;912443443;33631301155;
20063;;912444196;912444196;912444196;33684424968;
20063;;912444197;912444197;912444197;33689082815;
20063;;912444198;912444198;912444198;33684422029;
20063;;912444200;912444200;912444200;33684444469;
10067;;25;DL-556-HK;912441064;33680336283;
10067;;V21;AJ543TF;912441074;33648435378;
10067;;V3;CH361BX;912441089;33681229951;
10067;;v26;DL-300-GD;912441443;33689157129;
10067;;1763050;;912442862;33688104684;
10067;;v23;DL-877-HK;912442863;33681705083;
10067;;V7;DD035RA;912442864;33672764222;
10067;;V11;AX545CP;912442869;33677785827;
10067;;V27;DL-735-GD;912442870;33788209547;
10067;;V28;DL831JG;912442872;33788209563;
10067;;V8;CD295GC;912442873;33681707768;
10067;;V18;DF424TB;912442874;33647788084;
10067;;V1;AS277YV;912442876;33788209597;
10067;;V5;CH366BX;912442877;33676954445;
10067;;v24;DL-699-HK;912442879;33788209258;
10067;;V2;CP851HQ;912442887;33788209429;
10067;;V17;DE680BE;912442965;33681891885;
10067;;V4;BJ085VF;912442969;33681707388;
10067;;V14;AG251NQ;912442972;33674565664;
10067;;V15;CZ154PN;912442976;33681344072;
20119;;LORIS;CD-071-MV;613321864;33640335908;
20119;;JEROME;DJ189BM;912441961;33645813285;
20119;;MICKAEL;CC-842-ET;912444005;3,37E+11;
20110;;458 italia;CB-456-MK;612230501;3373638041;
20110;;AUDI R8;WW360;612230503;33632664959;
20110;;LP 560-4;CH-963-VQ;613321883;33686250228;
20110;;PORSCHE PANAMERA;DD-424-KX;912441171;33645306551;
20087;;912442717;912442717;912442717;33638764948;
20102;;tik;613461304;613461304;33786989686;
20102;;AYHAN;912440285;912440285;33645282271;
20102;;MUZAFFER;912441164;912441164;33684199983;
20102;;ENVER;912441405;912441405;33632552129;
40102;;Transporter 320;320;613461588;33785352148;
40102;;Ducato 627;627;912440279;33689055365;
40102;;taxi 508;786;912440442;33645711194;
40102;;VSL 010;10;912441122;33683725769;
40102;;VSL O11;11;912442737;33640338074;
40102;;VSL 009;9;912442767;33608222877;
40102;;Taxi 154;154;912442795;33678768822;
40102;;Ducato 195;195;912443331;33681395911;
40102;;Transporter 070;70;912443482;33674981280;
40102;;Transporter 723;723;912444172;33681497397;
30040;;MONDEO 2;BE 373 GK;912441068;33677782216;
30040;;MONDEO 3;CJ 698 EJ;912441516;33683217204;
30040;;TRAFFIC 08;AN-401-VD;912441974;33684526232;
30040;;TRAFFIC 06;AQ-410-AG;912441978;33685531138;
30040;;DUCATO 05;AV-456-BP;912441979;33681312587;
30040;;MONDEO 4;CT 708 VV;912442915;33645810814;
30040;;MONDEO 7;CJ 940 EJ;912443459;33670563797;
30040;;TAXI 1;BE 998 GJ;912443509;33631077513;
10020;;CONNECT;BY072WJ;912440315;33645459892;
10020;;Fiesta;CS086MB;912440334;33785602380;
10020;;Transit;CL185TK;912440350;33645449229;
40061;;613321516;613321516;613321516;33671196304;
40061;;vrignaud;912441174;912441174;33687839301;
40061;;912442937;912442937;912442937;33672050385;
40061;;912444121;912444121;912444121;33688251558;
40061;;912444128;912444128;912444128;33645790575;
40061;;912444131;912444131;912444131;33681836227;
40061;;912444136;912444136;912444136;33786079836;
40061;;912444137;912444137;912444137;33786076243;
40061;;912444139;912444139;912444139;33684507375;
40061;;912444143;912444143;912444143;33672655097;
40061;;912444144;912444144;912444144;33678947691;
40061;;912444145;912444145;912444145;33608946142;
40061;;912444146;912444146;912444146;33672367094;
40061;;912444150;912444150;912444150;33689307695;
40061;;912444234;912444234;912444234;33645490460;
40054;;IVECO CPZ;IVECO CPZ;613461825;33608897457;
40054;;Gregory;912444079;912444079;33786961937;
40054;;Bruno;912444080;912444080;33640893049;
40054;;eric;912444081;912444081;33683718180;
40054;;Samuel;912444084;912444084;3372865722;
40054;;Pick-up Mazda;912444085;912444085;33645694722;
40054;;Iveco Grue;912444100;912444100;33681705517;
40054;;Jumper ABISS;912444104;912444104;33608586049;
40054;;Mathieu Partner ABISS ;912444112;912444112;33688117132;
40054;;Bernard ;912444114;912444114;33687665373;
20112;;912442765;912442765;912442765;33789527360;
10082;;trafic;CG323SG;612230610;33645550387;
10082;;612230614;612230614;612230614;33645554680;
10082;;transporter;AS123ET;912440326;33645448174;
10082;;20 M3 - AIRES;CG227CR;912440332;33645448189;
10082;;Carlos;France Express;912441361;33645590270;
10082;;Blasco;France Express;912441513;33645608944;
10082;;Nour Eddine;France Express;912443462;33673685270;
10082;;BOXER;CW 225 MQ;912443996;33631291303;
40080;;613461809;613461809;613461809;;
40038;;Dany;912440366;912440366;33789598827;
40038;;David;912442716;912442716;33640337943;
40038;;Cyrille;912442728;912442728;33640336943;
40038;;Gerard;912443422;912443422;33682894639;
30093;;hicham1;613461291;613461291;33674492300;
30093;;Marie helene;613461822;613461822;33645282206;
30093;;Paul;613461845;613461845;33688329206;
30093;;DAVID;DD-074-KV;912441370;33645595266;
30093;;0;;912443354;33674379586;
30093;;scenic;912444162;912444162;33687409708;
40066;;CHRISTIAN;4699 YS17;613461602;33789832452;
40066;;GREGORY; CL 149 LG;613461854;33681633403;
40066;; LUDOVIC;613461859;613461859;33637904702;
40066;;PASCAL;AB 371 WK;613461865;33608367162;
40066;;RICHARD; DB 025 ZZ;613461866;33689294518;
20118;;912442720;AM-592-SK;912442720;33637843941;
20118;;912442735;912442735;912442735;33788152327;
20118;;912442736;912442736;912442736;33789237902;
20118;;912442739;DB-504-FZ;912442739;33788313827;
20118;;912442970;CG-372-AD;912442970;33681608551;
40082;;613460947;613460947;613460947;33608721331;
40082;;613461857;613461857;613461857;33643720510;
40082;;912442839;912442839;912442839;33673789729;
30101;;912443382;912443382;912443382;33608616884;
30101;;912443386;912443386;912443386;33670061418;
30101;;912443412;912443412;912443412;33679030233;
40128;;912443484;912443484;912443484;33638848884;
30066;;CLASS E350 AMG;CF-614-VP;912442991;33632500056;
30008;;613321248;613321248;613321248;33789590231;
30008;;IVECO 20M3;921AEY76;613321343;33645449854;
30008;;613460917;613460917;613460917;33640336199;
30008;;613460921;613460921;613460921;33789590251;
10019;;C320;AS-822-KS;912440367;33645449240;
20093;;912442826;912442826;912442826;33678946661;
20093;;912442827;912442827;912442827;33678009531;
20093;;912442838;912442838;912442838;33679310019;
20114;;613461544;613461544;613461544;33788209406;
20114;;912441229;912441229;912441229;33640338071;
30081;;V.S;613321528;613321528;33671131533;
30081;;E.D;613321532;613321532;33670878813;
60004;;912441573;912441573;912441573;33645387475;
60004;;912443309;912443309;912443309;33681677520;
10094;;MULLER;CA-374-KH;613321004;33673022622;
10094;;MARC;4785 YV 68;613321014;33670060693;
10094;;613321015;AT-641-WK;613321015;33679051168;
10094;;KARIM;AA 621 PR;613321262;33647637905;
10094;;SAKI;BS 582 ZN;613321308;33645485611;
10094;;PATIENT;804 AKK 51;613321312;33643483142;
10094;;613321325;613321325;613321325;33640194651;
10094;;Derrick;Br 455 en;613321333;33647620845;
10094;;ancien AN-017-PV;FABIEN;613321349;33643846807;
10094;;au garage;au garage;613321370;33671866750;
10094;;robert;143 bsl 60;613321372;33686068787;
10094;;613321373;613321373;613321373;33642427869;
10094;;au garage;au garage;613321375;33678576737;
10094;;ALAIN;BY-381-QW;613321378;33676203785;
10094;;JAMEL;BH 142 QE;613321379;33643847607;
10094;;ROBERT;DC 163 EN;613321380;33679104099;
10094;;HUGUES;1133 WV 80;613321382;33645487328;
10094;;613321383;613321383;613321383;33645810852;
10094;;613321390;613321390;613321390;33678326269;
10094;;613321391;613321391;613321391;33643015004;
10094;;MORY;3475 XT 27;613321393;33645282200;
10094;;fabien;AN 017 PV;613321395;33643626007;
10094;;ASSANE;491-DXK-77;613321397;33677095614;
10094;;ANTO;AT-855-PE;613321933;33675350056;
10094;;derrick;BR 455 EN ;613321954;33647315491;
10094;;613321965;613321965;613321965;33647639127;
20060;;CAR 5 CYL;613461467;613461467;33637646500;
20060;;JEAN YVES;613461469;613461469;33683722563;
20060;;CAR DSG 1;613461471;613461471;33786290350;
20060;;BOUGON;613461476;613461476;3,34E+11;
20060;;SEAT 1;613461477;613461477;33679718946;
20060;;NICO;613461479;613461479;33637646494;
20060;;AUDI;613461480;613461480;33637647204;
20060;;DAN;613461481;613461481;33682894413;
20060;;C RIET;613461624;613461624;33637640868;
20060;;JACQUEMOUD;614270058;614270058;33671298720;
20060;;CHEVRON;912441148;912441148;33672493930;
30037;;SEAT 2;912441997;912441997;33688077473;
20060;;PATEUX;912444034;912444034;33630589548;
20060;;MICHALLET;912444073;912444073;33673020580;
50014;;PASCAL;1391-ZT-93;613321863;33789590304;
50014;;FRED;AG-674-QC;613461856;33786981823;
50014;;CEDRIC;5241-YM-93;912444078;33632867175;
50014;;JAMAL;BL-001-WT;912444098;33688632913;
30047;;4004 KM 46;4004 KM 46;912442843;33676572871;
30047;;BX 716 JL;BX 716 JL;912442848;33677746482;
30047;;CG 220 JA;CG 220 JA;912444164;33677746352;
40062;;Traffic Maxime-Mathieu;;613461592;33674522024;
40062;;Traffic Charles-Didier;;613461618;33689210566;
40062;;Arnaud Master;DF-907-EA;912444147;33670427928;
60008;;BOXER;912441082;912441082;33788209241;
40045;;PARTENER;912441113;912441113;33647252000;
40118;;transit benne simple;DL461NC;613321505;33671471445;
40118;;sprinter fourgon;DD060GJ;613461537;33670522643;
40118;;613461843;613461843;613461843;33643720914;
40118;;sprinter benne simple;DD938GK;912441073;33787031907;
40118;;sprinter benne double;DD909GK;912442995;33672213381;
10040;;sprinter;;912441492;33645383852;
10040;;vito;;912441561;33645381707;
20004;;HELENE;AS-597-XL;613461533;33689185907;
20004;;DIDIER;CQ-492-EJ;912440368;33785602470;
20004;;CHRISTIAN;CL-517-NZ;912440440;33645448993;
20004;;CHANTAL;BH-067-EV;912443340;33679613134;
10096;;MASTER 21;Att Pose - 912443444;912443444;33675970466;
40123;;CORSA;912442726;912442726;33789591448;
40031;;JEAN PIERRE;CP 912 MQ;613321201;33681874856;
40031;;JEAN PAUL;CA 168 FC;613321264;33645282706;
40031;;CHRISTOPHE;CB 212 QE;613321267;33647321179;
40031;;WAL;AD 097 FG;613321272;33689054591;
40031;;JF;AX 854 NT;613321296;33644242517;
40031;;MARCO;DC 056 NL;613321313;33686496535;
40031;;CYRIL;CE 397 PA;613321319;33684943220;
40031;;MARC PHILIPPE;CB 746 PP;613321320;33648950979;
40031;;613321328;613321328;613321328;33632040285;
40031;;613321330;613321330;613321330;33647623308;
40031;;PETIT DAVID;1075 YV 71;613321331;33632737215;
40031;;DAVID POILANE;CA 774 DR;613321966;33645282286;
40031;;JEAN LUC;CB 168 QE;613460869;33786079795;
40031;;HERVE;CB 130 QE;613460960;33640339687;
10103;;MAN TGM;CQ-888-RM;613460830;33686241095;
10103;;MAN TGS;BM-967-AJ;613460845;33789309017;
20084;;912443861;912443861;912443861;33645282293;
10058;;Partner;85CDA06;912441180;33689149510;
50008;;BMW;912443425;912443425;33607222542;
50008;;Vito 1;912443517;912443517;33678508908;
10046;;Citroen C8;;912440287;33645448696;
10046;;Peugeot 807;Patrick;912440379;33645448666;
20068;;Scania Capacity;AB-829-MZ;613321300;33632737355;
20068;;Volvo; 5265 XP 80;613321302;33632737632;
20068;;Scania PB 14.37;DC-432-HQ;613321335;33677781915;
20068;;Mercedes 1;AK-658-AX;912441131;33683720969;
20068;;CNJ 1;CY-715-QL;912441173;33683722682;
20068;;Fiat;CP-192-KT;912441238;33688995463;
20068;;Mercedes 2;CN-135-TS;912441372;33676697442;
20068;;CNJ 2;CP-205-KT;912442860;33683721143;
40094;;DIDIER;613461299;613461299;33672045494;
40094;;JEROME;912444165;912444165;33683729753;
40094;;CLEMENT;912444174;912444174;33684943919;
10077;;MOUHADAB;Att Pose - 912440365;912440365;33645448242;
10077;;SIBOURG;Att Pose - 912440369;912440369;33645448224;
10077;;Att Pose - 912440404;Att Pose - 912440404;912440404;33645448261;
10077;;PEAN;912440412;912440412;33645448267;
10077;;XAVIER;Att Pose - 912440429;912440429;33645448222;
10077;;LOIC;Att Pose - 912441232;912441232;33645590635;
10077;;DEVIN;Att Pose - 912441242;912441242;33645584408;
10077;;LIOUX;Att Pose - 912441256;912441256;33645588214;
10077;;BROUARD;Att Pose - 912441354;912441354;33788209397;
10077;;XXX;Att Pose - 912441355;912441355;33683218936;
10077;;CHAUVIN;Att Pose - 912441363;912441363;33689361407;
10077;;CHEVEREAU;Att Pose - 912441367;912441367;33689218242;
10077;;LASCOMBE;912443327;912443327;33642428963;
10077;;MORDO;912443365;912443365;33682857930;
10077;;ELYE;912443376;912443376;33678647663;
10077;;GUINET;912443405;912443405;33638782252;
20030;;momo martine;;912440314;33645448184;
20030;;mag.izabelle;ATT POSE 912440383;912440383;33645448913;
40096;;912441497;912441497;912441497;33688360454;
40018;;judicael;CZ-024-JM;613460128;33789590829;
40018;;bruno;CY-827-PH;613460133;33670879402;
40018;;trafic blanc;BL-332-QL;613460148;33645282207;
40130;;613460803;613460803;613460803;33674608676;
20020;;Att Pose - 912442951;Att Pose - 912442951;912442951;33682089800;
20020;;Att Pose - 912442964;Att Pose - 912442964;912442964;33633378978;
20020;;Att Pose - 912442990;Att Pose - 912442990;912442990;33787061871;
40034;;IVECO 42;AK 286 TH;613321243;33789590158;
40034;;boitier a retourner;;613321518;33640336268;
40034;;IVECO 01;AK 118 TG;613460929;33640331616;
40034;;IVECO VL;BA 011 AF;912441451;33645599399;
40034;;SPRINTER 14M3;AM 470 RX;912443464;33681714366;
20062;;612230482;612230482;612230482;33607158138;
20062;;612230492;612230492;612230492;33607251394;
20062;;612230495;612230495;612230495;33787039208;
20062;;612230508;612230508;612230508;33607147658;
20062;;912440281;912440281;912440281;33607091565;
20062;;912440294;912440294;912440294;33786687468;
20062;;912440296;912440296;912440296;33607069305;
20062;;912440303;912440303;912440303;33607091424;
20062;;912441210;912441210;912441210;33786685912;
20062;;912441221;912441221;912441221;33786687306;
20062;;912441224;912441224;912441224;33787038295;
20062;;912441241;912441241;912441241;33607163463;
20062;;912441274;912441274;912441274;33607084998;
20062;;912441280;912441280;912441280;33607105886;
20062;;912441347;912441347;912441347;3307154636;
20062;;912441401;912441401;912441401;33607244733;
20062;;912441414;912441414;912441414;33607164612;
20062;;912441432;912441432;912441432;33607092834;
20062;;912442702;912442702;912442702;33788042212;
20062;;912442708;912442708;912442708;33788041970;
20062;;912442751;912442751;912442751;33608221805;
20062;;912442761;912442761;912442761;33608726854;
20062;;912442768;912442768;912442768;33608223527;
20062;;912442774;912442774;912442774;33608722045;
20062;;3521;CS 328 HD;912444194;33672868046;
20072;;FRED;613321259;613321259;33645892004;
20072;;FABRICE;613321321;613321321;33674814025;
20072;;DOMINIQUE;613460872;613460872;33688690910;
90004;;613461510;613461510;613461510;33688090710;
90004;;613461869;613461869;613461869;33786982177;
90004;;912441320;912441320;912441320;33686243574;
20032;;YARIS 563;CV-563-CK;912440319;3345449629;
20032;;AURIS 577;CV-577-SL;912440321;33645449204;
20032;;AURIS 885;CV-885-MP;912440323;33645448158;
20032;;CITROEN DS5;CV-897-PN;912440381;33785602462;
20032;;Z VOLVO C30;BT-711-BF;912440384;33645448635;
20032;;VERSO GRIS;BN-058-JA;912441075;33684518672;
20032;;VERSO NOIR;BS-494-JR;912441080;33787153261;
20032;;Z Q7;BW-613-VW;912441096;33684516214;
20032;;AUDI A1 S LINE;DF-979-ZN;912441207;33689149473;
20032;;Z FORD TRANSIT;AJ-985-QB;912441441;33645588036;
20032;;FORD CONNECT;DE-996-HM;912441450;33645589396;
20032;;Z KANGOO;CD-972-SG;912441481;33645566689;
20032;;Z OTMANE;OTMANE;912441484;33645579792;
20032;;IVECO AQ-176;AQ-176-JV;912441511;33645449320;
20032;;HIACE;BA-918-NK;912441562;33645449387;
20032;;Audi A3;Audi A3;912441570;33645389857;
20032;;YARIS 085;CV-085-CK;912442880;33645282705;
20032;;YARIS 938;CQ-938-NS;912442881;33684477371;
20032;;MERCEDES C 220 GRISE;DF-897-DB;912442888;33682089318;
20032;;FIAT DOBLO;AR-607-HJ;912442889;33786975191;
20032;;AYGO ROUGE 2;CN-811-PF;912442894;33681891183;
20032;;Z Espace 4;BM 793 WT;912442897;33684511808;
20032;;Z JUMPY;CH-843-WD;912442898;33783287830;
20032;;IVECO AN 050;AN-050-ZH;912442907;33684436257;
20032;;Fiat 500 Purple;DH-046-ER;912442913;33786874572;
20032;;Z A ATTRIBUER;AL-943-SW;912442914;33608581297;
20032;;AUDI A3 S LINE;DF-936-WX;912442918;33632461158;
20032;;Z FIESTA STE;CA-933-XP;912442920;33689166649;
20032;;Z A ATTRIBUER;;912442929;33673129493;
20032;;CLIO 4  Marron;CS-313-AY;912442955;33608974611;
20032;;Z MERCEDES SPRINTER;AN-966-YV;912442959;33645282211;
20032;;Z A ATTRIBUER;;912443539;33674764429;
20032;;AUDI A4 S LINE;DG-257-ED;912443542;33631228773;
20032;;FIAT 500 NOIRE;DH-047-HH;912443545;33787397483;
20032;;Z A ATTRIBUER;0;912443546;33683931737;
20032;;PEUGEOT BOXER;BP-725-FD;912443548;33631185804;
20032;;Z A ATTRIBUER;;912443550;33645282305;
20032;;Z FIESTA STE;CH-880-NV;912443554;33673097610;
10084;;4619 biod SOA;porteur 19 tonnes;613321329;33632552128;
10084;;4620 biod;porteur 19 tonnes man;613321339;33672868046;
10084;;4616 Biod Gonesse;porteur 19 tonnes;613321347;33645449872;
10084;;6947 biod;Tracteur semi;613321353;33787034735;
10084;;6944 biod;Tracteur semi;613321359;33672863251;
10084;;3631 biod;porteur 14 t bas;613321943;33637843423;
10084;;4622 SAPA 500;Porteur 19 tonnes;613460778;33789590115;
10084;;4623 SAPA 1100;porteur 19tonnes;613460898;33676554615;
10084;;3634 biod;porteur 14t;613460939;33672304626;
10084;;mager 3819;3819 cc726wk;912441482;33785602278;
10084;;MAGER 3811;3811 AX 326 ZB;912443802;33645282232;
10084;;Mager 3820;3820 CV148QA;912443819;33786874587;
10084;;MILLS grue 5402;5402 CP 103 LS;912443824;33643780694;
10084;;Mager 3809;3809 AV197HH;912443832;33608768196;
10084;;Mager Grue 5404;5404 CT 839 VV;912443846;33681718581;
10084;;4617 biod;FG 19 tonnes Man;912443850;33671991533;
20100;;master CRISTIAN-ADRIEN;CY 257 XZ;912442804;33643846088;
20100;;PETIT MASTER;AZ 032 SG;912442819;33670903618;
20100;;master ARNAUD -ALEX;ck 537 ec;912442829;33677780362;
20100;;master MICKAEL - CHRIS;BW 267 MK;912443525;33685245289;
30072;;Bi Temp;613321853;613321853;33640336160;
30072;;DS3;613321872;613321872;33689189924;
30072;;C 15;613321879;613321879;33671935086;
30072;;5 PALETTES;;912442756;33608724567;
30072;;6 PALETTES;;912442763;33608047975;
30072;;4 PALETTES;;912442776;33637843704;
40077;;SPRINTER 1;DF 355 MG;613321492;33642839784;
40077;;JUMPER 13;CZ 805 WQ;912440291;33672363527;
40077;;SPRINTER 14;DF 256 MG;912442745;33788042772;
40077;;VITO 5;DE 190 TV;912442934;3,37E+11;
40077;;SPRINTER 17;DF 455 MF;912444191;33631538460;
10086;;LUC;DC-133-BN;912440328;33645449365;
20088;;MercedesR;BX 774 XS;912440392;33645449302;
20088;;COMBI GRIS;BS 756 NW;912440434;33645449030;
20088;;AUDI A6 ;9029 XG 68;912443364;33677782415;
10065;;Jean-Baptiste;J-Baptiste - CT 290 JF ;613321429;33676758047;
10065;;Cedric - BR 436 SH;Cedric - BR 436 SH;912441507;33788208197;
10065;;Seb - DB 746 ED;Seb - DB 746 ED;912442861;33647478976;
10065;;Gilles - 9545 VV 86;Gilles - 9545 VV 86;912442865;33684519946;
10065;;Eric - AM 750 XN;Eric - AM 750 XN;912442867;33684527123;
10065;;Gregorie - CT 341 JH;Gregorie - CT 341 JH;912442868;33684510442;
10065;;Jerome - DC 269 NA;Jerome - DC 269 NA;912442871;33689169550;
40097;;93;613460946;613460946;33685337297;
40097;;95;613460976;613460976;33789832446;
50011;;SYLVAIN;912443381;912443381;33638784970;
40108;;614270007;614270007;614270007;33632280029;
40108;;CABROL;368 BBL 34;614270284;33632280178;
40024;;912442849;912442849;912442849;33786874566;
40024;;912443460;912443460;912443460;33630683921;
40024;;912443478;912443478;912443478;33631562987;
40024;;912443495;912443495;912443495;33630684038;
30045;;clio campus Ilham;BD-714-MH;613461608;33787490749;
30045;;BOXER TONY;BC 313 ZJ;912441958;33684517517;
30045;;EXPERT FLORIAN;CV-139-WL;912442844;33679717137;
30045;;CLIO2 max;AQ 473 BD;912444155;33684500600;
30045;;Clio campus momo;AA-914-YX;912444159;33682655679;
30045;;BOXER VINC;DG-786-HP;912444163;33684507101;
30045;;Clio campus melanie;AG 137 CH;912444170;33684507110;
20048;;Mb;18;912442752;33608228134;
20048;;RB;58;912443357;33673022588;
10076;;Surbaisse;AW 511 LB;912441564;33645449596;
10076;;Hazebrouck;CQ 688 MG;912443825;33647361235;
10076;;PR9;CQ 656 MG;912443847;33674564247;
40119;;HASSAN;BR280NQ;613460788;33686344487;
40119;;AHMED;BS446KS;613460789;33686344505;
40119;;LUCAS;BS551KS;613460790;33686342973;
40119;;ROMUALD;CP931CG;613460805;33686344534;
40119;;CHRISTELLE;613460975;613460975;33789832451;
30039;;CLASSE S NOIR;DB 640 GF;912441981;33682083847;
30039;;class e oscar;class e oscar;912442790;33645487338;
30039;;CLASSE E noir Hybride;;912443332;33688956347;
30015;;AMV8 VANTAGE;AMV8 VANTAGE;912441060;33674565545;
20058;;VITO Yannick;BL-581-LL;912440329;33640644509;
20058;;TOURNEO 2;BV-529-FD;912443496;33674498755;
20058;;TOURNEO 1 ;DF-281-VQ;912443501;33630682592;
20058;;Connect;DE-351-TW;912443528;33689179669;
10054;;Mercedes S 350;AG-493-ZA;912440411;33645448274;
20001;;613461522;613461522;613461522;33647023477;
20001;;MAZDA;CR-596-BG;912443367;33682894445;
40105;;614270011;614270011;614270011;33684527498;
40105;;614270202;614270202;614270202;33676551353;
40105;;614270283;614270283;614270283;33789830943;
40105;;614270309;614270309;614270309;33631040862;
40105;;614270319;614270319;614270319;33676551325;
10102;;613321261;613321261;613321261;33671773105;
10102;;613321384;613321384;613321384;33670965192;
10102;;MERCEDES ROUGE;613460807;613460807;33786573800;
10102;;613460817;613460817;613460817;33671779464;
10102;;613460818;613460818;613460818;33670965685;
10102;;613460819;613460819;613460819;33670964930;
10102;;613460825;613460825;613460825;33671773457;
10102;;613460828;613460828;613460828;33671773993;
10102;;MAN BLANC WALTER;613460842;613460842;33683733967;
10102;;MAN BLEU;613460857;613460857;33671254107;
10089;;MB SABRE;ACN-141;912441058;33787961169;
10089;;FIN - INNACTIF;EU-CC 3643;912441084;33630600747;
10089;;MB E 300  PHC ;DG-359-QR;912441094;33631881694;
10089;;MB E - SAFA VTC;DB 744 RK;912441097;33672804822;
10089;;MB E - YASSINE ;DB 297 RG;912442784;33642427886;
10089;;VIANO B UND B ;VIE ;912442788;33645487347;
10089;;MB E 220 - B und B;VIE ZC 400;912442866;33684073596;
10089;;COUNTRYMAN NOIR;BUSHBUNDER;912443553;33788373587;
40116;;br 612 sa;613461527;613461527;33672045455;
40116;;cl 931 gf;613461528;613461528;33689637767;
20091;;613321217;613321217;613321217;33789590107;
20091;;CG 229 DY   613321228;CG 229 DY;613321228;33786954300;
20091;;CK 665 FH   613321232;CK 665 FH;613321232;33682807691;
20091;;BX 869 QH   613321280;BX 869 QH;613321280;33645282575;
20091;;BX 846 QH   613321374;BX 846 QH;613321374;33632462665;
20091;;CV 182 DW                    613460937;CV 182 DW       ;613460937;33789618944;
20091;;BB 419 SR                    613460942;BB 419 SR;613460942;33789618945;
20091;;BB 543 SR                  613460953;BB 543 SR;613460953;33642835104;
20091;;BL 356 VT                 613460955;BL 356 VT;613460955;33789618948;
20091;;BL 390 VT                613460964;BL 390 VT;613460964;33642835634;
20091;;BL 553 TR                912441172;BL 553 TR              912441172;912441172;33679173595;
20091;;BX814QH   912442821;BX814QH;912442821;33670061390;
20091;;BE043BB  912442984;BE043BB;912442984;33645282567;
20091;;BF 119 BA                          912443474;BF 119 BA                          912443474;912443474;33670112943;
20091;;BL 573 TR              912443516;BL 573 TR              912443516;912443516;33674597591;
20091;;BB517SR  912443801;BB517SR;912443801;33647368609;
20091;;BB472SR  912443813;BB472SR;912443813;33631215239;
20091;;BL269VT 912443822;BL269VT;912443822;33633238924;
40069;;LAURENT;BF 275 DL;613321235;33684511485;
40069;;David;5417 HYL;613321254;33632147491;
40069;;J-Michel;1140HZP;613321323;33640336942;
40069;;613460808;613460808;613460808;33683718600;
40069;;JUAN;8962HPD;613460882;33685587562;
40069;;Pascal;AV 396 RJ;613460978;33607691258;
40069;;Jordi;1933 HNB;613460981;33680343901;
40069;;Calin;6092CNK;613460983;33643871274;
40069;;Mohamed;BC 757 BJ;613460988;33689097833;
40069;;TRANS GILLES;2308 HNF;613461514;33632094708;
20053;;BULL BP;BP-452-AW;612230555;33673578992;
20053;;TEF DG;DG-700-EY;613321531;33683720899;
20053;;EXPRESS DA;DA-567-KH;613460143;33648334726;
20053;;BDR BH;BH-740-YD;613461486;33678943157;
20053;;AV-761-VF;Av-761-vf;613461538;33689282191;
20053;;BULL AN;AN-545-WS;613461590;33672668377;
20053;;CY-424-ZD;CY-424-ZD;613461855;33674793697;
20053;;CARLI DH;DH-940-PF;613461860;33680344471;
20053;;BJ TSPT CG;CG-702-RQ;613461861;33672045090;
20053;;FY BG;BG-606-HN;613461871;33786079791;
20053;;HIMEX DC;DC-775-CV;912440374;33645448836;
20053;;HIMEX CZ;CZ-515-MG;912440397;33645448153;
20053;;BM DF;DF-707-LA;912441152;33683724770;
20053;;TEF DA;DA-849-PB;912441309;33688356853;
20053;;B2R CA;CA-636-NX;912441487;33645384254;
20053;;FY BY;BY-104-MC;912441575;33640641790;
20053;;ART BY;BY-824-LX;912441968;33685532698;
20053;;FY CZ;CZ-678-PV;912443359;33632326749;
20053;;EXPRESS BY;BY-016-JR;912443424;33689175489;
20053;;EXPRESS BF;Bf616jv;912444103;33674020732;
20053;;GESKA DD;DD-271-EV;912444184;33682084120;
20053;;TEF DB;DB-191-TD;912444199;33680245693;
40125;;613460134;613460134;613460134;33632531637;
40125;;613460139;613460139;613460139;33671315189;
40125;;613460144;613460144;613460144;33645487362;
40125;;613460149;613460149;613460149;33645892017;
40125;;613461468;613461468;613461468;33689967043;
40125;;613461472;613461472;613461472;33677746361;
40125;;613461625;613461625;613461625;33682894333;
40047;;613321522;613321522;613321522;33789610059;
40047;;SOUE;613321527;613321527;33642837582;
40047;;DADOU;912441170;912441170;33645124372;
40047;;coiffard cristophe;912442811;912442811;33647626575;
40047;;ALEX;912444007;912444007;33640336849;
30019;;MASTER 1;912443362;912443362;33679050258;
20039;;Taxi 840 Passat CC;CV-840-GW;613321791;33673661690;
20039;;PR 519 Caravelle;BY-519-ER;613461485;33638835622;
20039;;Vsl 367 Scout;AW-367-QG;613461799;33670970324;
20039;;Taxi 855 Superb;CJ-855-FJ;912441076;33689193578;
20048;;Ambu 921 Ford;DB-921-CJ;912442805;33645486377;
20039;;Taxi 224 Sharan;BY-224-WS;912442884;33675249421;
20039;;Ambu 958 T5;AG-958-VP;912442890;33672404470;
20039;;Vsl 542 Scout;CN-542-XR;912442892;33670801881;
20039;;Taxi 116 Sharan;CN-116-MA;912442893;33688277951;
20039;;Ambu 925 T5;CP-925-AQ;912442945;33675241497;
20039;;Ambu 889 T5;AC-889-WV;912443385;33682566451;
20039;;ASSU;BQ-197-JV;912443393;33638305469;
20039;;Ambu 791 T5;AG-791-HR;912443508;33679824923;
20039;;Vsl 480 Scout;DL-480-MF;912443541;33688035740;
30053;;AMB 2;BD 983 XF;912443448;33670437699;
30053;;Amb 1;212 CGV 59;912444051;33689159564;
10048;;tepee;AS604KH;912441486;33645583556;
10048;;scenic 3;AN 921 TS;912441490;33645581772;
20108;;912442738;912442738;912442738;33789493443;
20038;;TOY 198;TOY 198;912441071;33689190278;
20038;;PST 327;PST 327;912441425;33645588304;
20038;;PST 513;PST 513;912441568;33785602348;
20038;;TOY 947;TOY 947;912441571;33645449448;
20038;;amb;bn;912442933;33645282326;
20038;;SW;SW;912442948;33681525041;
20038;;TOURAN;TOURAN;912443851;33631106720;
20038;;T5;T5;912444181;33684502063;
30063;;MERCEDES VITO;BL 096 CH;912442718;33637841499;
30063;;MERCEDES SPLINTER 14M3;CC 067 RZ;912442725;33789236086;
30063;;FIAT SCUDO;CC 228 BL;912442731;33788312393;
30063;;FORD CUSTOM 2;DA 850 KW;912442734;33788318032;
30063;;NISSAN 2;CL 072 CK;912442740;33638140597;
20024;;PEUGEOT 207;BV 451 GE;912442993;33672805342;
20024;;MERCEDES SPRINTER;AY 938 RF;912442998;33631537822;
20024;;MERCEDES INTURO;CJ 041 QT;912443844;33648435364;
20024;;SETRA;AA 296 KA;912443849;33648435364;
30060;;ANTOINE;DE073TB;912442701;33789546224;
30060;;YOANN;BC573VE;912442706;33637826991;
30060;;BOXER COOP;CW894RH;912442741;33637844159;
50012;;ADRIEN;CK 087 FD;613321498;33671196166;
50012;;VINCENT  ANTHONY;CL 690 AF;613321499;33671209270;
50012;;FRED;AW 307 QZ;613321503;33640335139;
50012;;JONATHAN;CK 120 FD;613321504;33789590434;
50012;;FABRICE;CK 106 FD;613321508;33640335246;
50012;;JULIEN;CL 694 FK;613321513;33671001965;
30062;;185;DF-185-LD;912442715;33638275566;
30062;;TRAFIC;AH-730-ZQ;912442719;33638488104;
30062;;989;DL-989-JB;912442721;33789437079;
30062;;748;DG-748-TA;912444002;33638601400;
30062;;535;DF-535-YG;912444011;33789237956;
30062;;ASSU;BY-174-ZX;912444021;33789237491;
30061;;284;613321306;613321306;33673686944;
30061;;281;613321968;613321968;33638663649;
40059;;GOR - MORAUX;125PW10;912444110;33786983558;
40059;;MANISI;DA-510-KQ;912444115;33647478487;
40059;;BARAZZUTTI;BK-423-TX;912444116;33647027675;
40059;;SEYER;7115PT10;912444117;33688146769;
40059;;PIAT;AC-071-KY;912444118;33687804629;
40059;;MEZONIER;AC-076-KY;912444125;33678947253;
40059;;HOMBOURGER-GUILLETAT;BD-823-WM;912444130;33689191558;
40059;;RUFF;CG-541-CS;912444140;33672046553;
40059;;MARE;AK-433-FP;912444142;33672045479;
30037;;SPRINTER 453;CL453AS;613461529;33676554692;
30037;;KANGOON3;AT-961-PZ;613461612;33676554696;
30037;;KANGOO;AV957HR;912443304;33689347195;
30037;;MASTER;AE-213-CD;912443314;33688367346;
30037;;KANGOO N2;DE-667-ZS;912443329;33688696354;
30037;;JUMPER;CW056XC;912443333;33683950336;
30064;;C1;;912442727;33789591363;
40060;;613321222;613321222;613321222;33687418058;
40060;;613460883;613460883;613460883;33608970487;
40060;;613460885;613460885;613460885;33640251014;
40060;;613460887;613460887;613460887;33786078014;
40060;;613460889;613460889;613460889;33688127060;
40060;;613460891;613460891;613460891;33688220055;
40060;;613460896;613460896;613460896;33674485794;
40060;;613460900;613460900;613460900;33684507449;
40060;;613460901;613460901;613460901;33684514265;
40060;;613460906;613460906;613460906;33678119299;
40060;;613460907;613460907;613460907;33672046846;
40060;;613460961;613460961;613460961;33678942678;
40060;;613460965;613460965;613460965;33672397905;
40060;;613460967;613460967;613460967;33682779125;
40060;;613460982;613460982;613460982;33637904265;
40060;;912443848;912443848;912443848;33788209598;
30052;;CHANTIER;CL 464 ER;912442713;33789494180;
40026;;trafic;912442791;912442791;33642427822;
20070;;Megane Malek;612230840;612230840;33677779983;
20070;;912442705;912442705;912442705;33789590606;
20070;;Megane Jerome;912442747;912442747;33677783859;
20070;;912442798;912442798;912442798;33647634468;
20070;;Stephane SZYMANSKI - 207;912442824;912442824;33676702941;
20070;;912442828;912442828;912442828;33672760738;
20070;;912442830;912442830;912442830;33677782604;
20070;;207 Dom;AA-026-RN;912442835;33671350356;
20070;;Doblo FIAT Jacky;912442840;912442840;33676955519;
20070;;Jumpy;DB-747-LP;912442845;33677778833;
20070;;Ford;CL-307-JX;912442858;33672975004;
20070;;Cube MASTER Sylvain;912442941;912442941;33648941100;
20070;;MERCEDES ;912442942;912442942;33631255466;
20070;;912443518;912443518;912443518;33632737398;
20070;;912444010;912444010;912444010;33640339737;
20070;;912444012;912444012;912444012;33789590946;
20070;;912444015;912444015;912444015;33640336821;
20070;;RENAULT Master Philippe;912444016;912444016;33789590573;
20070;;912444025;912444025;912444025;33640336819;
20070;;912444026;912444026;912444026;33640336798;
20070;;912444027;912444027;912444027;33677784908;
20070;;Cube MASTER S2E;CZ-676-SN;912444030;33789590685;
20090;;T5 (911);DH 911 QK;612230504;33671880188;
20090;;T5 (869);CT 869 SG;613321500;33671201770;
20090;;BOXER (407;DH 407 FM;613321510;33671490041;
20090;;613321521;613321521;613321521;33671479706;
20090;;TWIN (493);CW493NX;912441101;33645282196;
20090;;BOXER (396);DH 396 FM;912441107;33786290344;
20090;;EXPERT (242);CQ 242 WY;912441140;33684502063;
20090;;T5 (910);DH 910 QK;912441272;33640337592;
20090;;TWIN (477);CW477NX;912441380;33672671892;
20090;;BIPPER;DF 391 DG;912441396;33637377011;
10073;;Mehdi;BN-280-PJ;912441062;33689152004;
20075;;RENAULT MAXITY;912443555;912443555;33679824549;
20075;;912444093;912444093;912444093;33787545092;
20017;;Mercedes SPRINTER;CV 510 CV;912442971;33672769626;
20017;;Mercedes SPRINTER;CV 500 CV;912442994;33680847625;
10044;;Partner;;912441494;33645579437;
40127;;614270006;614270006;614270006;33632280701;
40127;;614270043;614270043;614270043;33632280962;
40127;;614270312;614270312;614270312;33672063413;
40127;;614270316;614270316;614270316;33632280200;
40030;;DUCATO FEEDER;DC460VK;613321453;33673648917;
40030;;PTIT SEB;;613321761;33673585514;
40030;;MASTER CELINE; ;613321815;33637169490;
40030;;SPRINTER;2059 PQ 12;613321852;33670063339;
40030;;CRAFTER;VW;613461924;33673552092;
20092;;philippe;DG287ZD;912441248;33637894302;
20009;;12 m3 attelage;12m3 att bc359tq;612230502;33676892890;
20009;;mercedes vito;CZ-2591-YY;912440299;33640336883;
20009;;nacelle;912440428;912440428;33645448199;
20009;;pelle 4t;pelle 4t;912441245;33687175315;
20009;;9 places;912442753;912442753;33608220303;
20009;;benne iveco;912442758;912442758;33645594660;
20009;;benne mercedes;912442759;912442759;33608220062;
20009;;pelle 1t;912442762;912442762;33608226977;
20009;;pelle 2t2;912442764;912442764;33608723309;
20009;;twingo;912442766;912442766;33608229586;
20009;;PELLE 2T7;912442771;912442771;33608220681;
20009;;depanneuse;912442772;912442772;33608616710;
20009;;20m3;912442773;912442773;33608318093;
20009;;12m3;12m3 cf-622-tv;912442822;33684039672;
20009;;jumpy;912442856;912442856;33608224266;
20009;;25m3;912442857;912442857;33608225622;
20009;;6t;912444180;912444180;33672606290;
20009;;merlo;912444189;912444189;33685532101;
20009;;14m3;912444192;912444192;33631871881;
20009;; 2t7 neuve;2t7;912444202;33786290160;
10057;;Sandero gris PM;DK 377 NQ;612230603;33678948110;
10057;;C6 noir FL;BT 562 HW;912440399;33645448328;
10057;;C4 gris RR;BT 832 HV;912440406;33645448392;
10057;;Jumpy gris MO;833 EME 78;912440432;33645448411;
10057;;Latitude SR;BH 234 HH;912440435;3,37E+11;
10057;;Jumpy noir 2 ;CH 834 HG;912442883;33678948193;
10057;;C8 noir MF;AC 210 BC;912442903;33684470105;
10057;;Jumpy noir 1 SH;BP 985 TQ;912442904;33678947267;
10057;;C8 gris PV;BE 920 AV;912442905;33684419586;
10057;;Loggy noir LM;DF 791 FT;912442911;33647478348;
10057;;Viano noir;CW 511 FN;912442921;33689168072;
10057;;Class E CC;CA 789 HT;912443366;33642997640;
20045;;HERVE M 91;BY 662 PN;613461858;33786077966;
20045;;M 88 ALAIN;CR 611 SL;912443423;33689285313;
20045;;M 83 BEATRICE;AD 756 BT;912443428;33674716183;
20045;;M 81 JEAN PIERRE;CM-339-DT;912443433;33689281493;
20045;;M 80 ELISE;AV 568 DC;912443441;33674671142;
20045;;M 84 JEAN CYRIL;AX 265 WE;912443446;33689288166;
20045;;M 82 LUDO;AM-859-BJ;912443451;33786361865;
20045;;M 87 NADIA;BB 675 LL;912443520;33632737690;
20045;;M 86  REMPLACEMENT;BB 944 HV;912443531;33684247947;
20045;;M85 MAUD;BA-647-KZ;912443532;33674979944;
20045;;M90 CLAIRE;CS-368-TK;912443536;33685535249;
10018;;PASSAT;;612230621;33645992438;
30014;;Mercedes Classe S;CM-069-HV;912441069;33645812979;
20060;;912441059;912441059;912441059;33674609378;
20031;;Att Pose - 912442935;Att Pose - 912442935;912442935;33673094322;
20031;;Att Pose - 912443507;Att Pose - 912443507;912443507;33675705978;
10004;;att Pose 1;;912440297;33645448193;
10004;;att Pose 2;;912440347;33645448185;
10006;;artur;DE 715 VV;912440309;33645448963;
10006;;thierry;DE 662 YG;912440310;33645449026;
10006;;patrick;CY 947 MH;912440324;33645448968;
10006;;thomas;DB 812 CE;912440353;33645448983;
10006;;leatitia;DK 134 CG;912440395;33785602374;
10006;;aurelie;DB 404 GN;912441214;33787038295;
10006;;eric;BE 827 RH;912442779;33789537485;
10006;;HS;AS 528 JD;912442992;33637110247;
10006;;LIGNE 90;BT 711 HH;912443415;33632550378;
20071;;AB-709-PM;AB 709 PM;912442823;33673021333;
20071;;BB-052-EV;BB-052-EV;912442833;33674046249;
20071;;CE-590-BS;CE-590-BS;912442836;33675761903;
20071;;CW-510-GC;CW 510 GC;912442846;33673099895;
20071;;CF-706-QR;CF 706 QR;912442850;33672174221;
20071;;490-BEL-67;490-BEL-67;912442852;33670060670;
20071;;972-AWC-67;972-AWC-67;912442853;33672731578;
20071;;927-BDH-67;927-BDH-67;912442854;33677782900;
10036;;2651 YE 27;2651 YE 27;912440325;33645448640;
10036;;bz-935-ew;bz-935-ew;912441095;33681620889;
10036;;cs-354-kt;cs-354-kt;912441514;33645603995;
40072;;Mercedes Viano;DA-908-GN;613461812;33638772140;
20098;;BMW S1000RR HP4;CT-339-ZB;613321882;33632238701;
20098;;BMW 335d;AE-394-MR;912441150;33631296917;
40063;;RENFORT 9414;BY 215 JH;613461483;33689158167;
40063;;548 NEUFCHATEAU;BT 049 RZ;613461532;33643585382;
40063;;FEDEX MTZ;BX 133 VC;613461543;33682774857;
40063;;5462 REMIREMONT;BW371MN;613461804;33679376177;
40063;;946 LE THILLOT;530AHE54;912441389;33643598569;
40063;;MULET;AB 308 QK;912444077;33643723908;
40063;;8200 SIERCK;CP 153 HE;912444109;33688927728;
40063;;5500 BAR LE DUC;BZ475GY;912444113;33689976047;
40063;;4995 LA BRESSE;AM 336 MX;912444120;33681601725;
40063;;FAULQUEMONT;AF 225 PA;912444126;33786980944;
40063;;8208 YUTZ;AC 804 TT;912444127;33683718437;
40063;;6622 LUDO;BC 451 DG;912444133;33680260299;
40063;;3688 MORHANGE;BT 234 VJ;912444135;33786983361;
40063;;DAVID 2373;BZ 560 LX;912444141;33687893085;
40063;;9413 BOULAY;CD 571 LK;912444152;33786076215;
40049;;master;912442722;912442722;33789486037;
40036;;138 CHV 44;138 CHV 44;613321234;33670441974;
40036;;BA 680 QZ;BA 680 QZ;613321247;33608725508;
40036;;8718  ZF 49;8718  ZF 49;613460865;33689273836;
40036;;CQ 20m3 Hayon Iveco;CQ 20m3 Hayon Iveco;912441087;33681605101;
40036;;surb BT850GV;surb BT850GV;912441510;33630351789;
40036;;CS 055 DG;CS 055 DG;912442711;33640337694;
40088;;613460796;613460796;613460796;33789305070;
40088;;613460798;613460798;613460798;33686344339;
40088;;613460804;613460804;613460804;33686344478;
40088;;613460824;613460824;613460824;33686344468;
40088;;anthony l;CJ 680 WB;613460881;33645512630;
20005;;FORD TRANSIT;BR-369-YP;912440355;33785602360;
20005;;TRAFIC;CJ-783-XG;912440409;33645449023;
40117;;613460795;613460795;613460795;33789306706;
40117;;daf;cj928dx;613460810;33686346802;
40117;;magnum;dk067dq;613460814;33686346886;
40117;;613460856;613460856;613460856;33686346774;
20042;;Philippe;CG-258-EL;613321002;33672769538;
20042;;ALEXANDRE;BR-878-MG;613321003;33643847157;
20042;;MOHAMED;CG-207-GE;613321008;33677780922;
20042;;LAURENT;BY-462-DP;613321009;33672783230;
20042;;SEBASTIEN;CW-256-LK;613321011;33608037733;
20042;;AZDINE;AH-021-KW;613321012;33645694484;
20042;;YOANN;AB-448-KW;613321016;33676186918;
20042;;ETIENNE;BA-587-YL;613321017;33632321165;
20042;;166;AV-166-KZ;613321020;33682894289;
20042;;MARC;AC-370-FD;613321021;33678115626;
20042;;bernard;3565 XY 26;613321314;33643487014;
20042;;REMY;AG-643-ZS;613321351;33637028342;
20042;;LUDOVIC;AC-397-SR;613321360;33674246358;
20042;;JEAN JACQUES;AS-386-YK;613460956;33647432979;
20042;;J Claude;DA-656-GL;912443814;33638325331;
20042;;nabyl;DH-101-ZP;912443818;33679809234;
20042;;SERGE;BZ-980-GC;912443821;33684724645;
20042;;JULIEN;CW-872-AB;912443828;33674745254;
20026;;Att Pose - 912443815;Att Pose - 912443815;912443815;33688374433;
10091;;Att Pose - 912443512;Att Pose - 912443512;912443512;33686956883;
10071;;207;circuit 27;613321035;33789591201;
10071;;Mourad.Chaker;DG962;613321579;33640335470;
10071;;Roissy.Milan;DF725YS;613321878;33640335525;
10071;;Vito TCS;Vito TCS;912442910;33685209090;
10071;;BF 714;BF.714.PA;912442919;33671754799;
10071;;Bipper;BD 696 SW;912442946;33688378967;
10071;;master 20m3;CP 083 AE;912442966;33684514306;
10071;;Vito Circuit Soissons;CY 331 VJ;912442981;33674929621;
10071;;vito circuit 16;CV 361 VJ;912443000;33684526627;
10071;;LABIB;DF131SG;912443551;33684199983;
30105;;CP436NR;CP436NR;613321219;33683287996;
30105;;CZ638WH;CZ638WH;613321229;33789590262;
30105;;CM408FJ;CM408FJ;613321249;33683239473;
30105;;DK799BL;DK799BL;613321274;33645810034;
30105;;DC168DJ;DC168DJ;613321394;33632739585;
30105;;AR478FW;AR478FW;613460912;33789590174;
30105;;AW255SX;AW255SX;613460918;33670443186;
30105;;AF050VB;AF050VB;613460924;33682140854;
30105;;BOITIER EN PANNE;BOITIER EN PANNE;613460938;33647349749;
30105;;613461870;613461870;613461870;33645559561;
10035;;att Pose 1;CM 269 KE;912441500;33645609668;
10035;;att Pose 4;;912441501;33785602303;
10035;;att Pose 5;;912441563;33645609656;
10035;;att Pose 2;;912441569;33645602229;
10035;;att Pose 3;;912441572;33645605222;
30029;;Viano MB 12;CE - 521 - HZ;613460138;33645016206;
30029;;Sprinter MB 16;AP - 297 - HH;912440403;33645448312;
30029;;classe S vt 1;CG - 882 - CJ;912441186;33689159695;
30029;;Trafic MB 14;DD - 073 - HD;912441187;33632461750;
30029;;Viano MB 11;CQ - 709 - XN;912441213;33682840616;
30029;;Classe S vt 3;CN - 023 - CR;912441217;33689228673;
30029;;Minicar 20;DE - 284 - BC;912442748;33645282312;
30029;;Minicar 21;DE - 774 - KC;912442760;33789527097;
20106;;613321225;613321225;613321225;33688089304;
20106;;premuim joachim;DB 937 YV;613460922;33673572112;
20040;;613460124;613460124;613460124;33684957926;
90005;;Boxer;cn250mc;613461474;33642242334;
90005;;613461820;613461820;613461820;33786635239;
90005;;614270298;614270298;614270298;33632280205;
90005;;912440356;912440356;912440356;33645449225;
90005;;912441085;912441085;912441085;33630857865;
90005;;ducato04;205bsw83;912441222;33671771839;
90005;;ada;912442780;912442780;33638762357;
10104;;613460809;613460809;613460809;33686342192;
10104;;613460813;613460813;613460813;33683725214;
10104;;613460844;613460844;613460844;3,34E+11;
10104;;613460853;613460853;613460853;33686342265;
10104;;613460951;613460951;613460951;33640337671;
20099;;pelerin CV 753 MK;613321207;613321207;33633580016;
20099;;vichery  BK 243 WQ;613321208;613321208;33647326390;
20099;;AUDOYE ;613321216;613321216;33631799646;
20099;;jeremy durand CV 935 RX;613321223;613321223;33608977255;
20099;;picard CT 487 YH;613321236;613321236;33631796546;
20099;;viguie 403 TX 47 ;613321239;613321239;33688698295;
20099;;pellegrin 7601 TS 47;613321241;613321241;33681927664;
20099;;fernandes manuel AS 299 VP;613321277;613321277;33689513665;
20099;;alex da silva CZ 978 QN;613321282;613321282;33670090525;
20099;;subirada 4436 VF 47;613321327;613321327;33676641119;
40106;;613460801;613460801;613460801;33688360110;
40106;;613460802;613460802;613460802;33688360146;
40106;;613460812;613460812;613460812;33637575707;
40106;;613460816;613460816;613460816;33688360275;
30073;;LAURENT;205 DDG 59;613321211;33786918941;
30073;;THIERRY;771  DDK 59;613460914;33642831760;
30073;;613460916;613460916;613460916;33642836974;
30073;;NORBERT;BA 812 TH;613460919;33642837053;
30073;;ALEXIS;993  CLP 59;613460920;33789610058;
30073;;GREGORY;BY 753 YJ;613460925;3342832468;
30073;;613460926;613460926;613460926;33786618940;
30073;;JEAN BERNARD;12 BNH 59;613460930;33642832939;
30073;;RENE;238 DGN 59;613460931;33789610056;
30073;;CEDRIC;102 BXT 59;613460932;33642839874;
40101;;CR 590 GD;CR 590 GD;613321218;33640336740;
40101;;CS 771 BJ;CS 771 BJ;613321252;33608724360;
40101;;AZ 078 GZ;AZ 078 GZ;613321307;33645794594;
40101;;AP 254 CM ;AP 254 CM;613321318;33681875936;
40101;;CC 299 KP ;CC 299 KP;613460948;33789590115;
40101;;0;CP 927 EX;912441283;33688360201;
30030;;R520 - DG928KT;613461596;613461596;33688609331;
30030;;R500 - CW604AD;Att Pose - 912443843;912443843;33681713429;
20109;;c4;912441515;912441515;33630600681;
20109;;2008;912442938;912442938;33681322624;
40027;;ALAIN FORESTIER;DD971XW;613460794;33686241476;
40027;;WILFRID;DE952CK;613460839;33686241265;
40027;;DF980DP;DF980DP;613460848;33686241225;
40027;;9994WA94;9994WA94;613460867;33686241366;
40068;;613461300;613461300;613461300;33678111913;
60001;;LE PUY;912442831;912442831;33679051157;
60001;;912443431;912443431;912443431;33645890665;
60001;;912444158;912444158;912444158;33685533928;
10100;;N-00;BQ101FT;613461484;33689010699;
10100;;N-07;CG189TH;912441994;33647620506;
10100;;N-01;AY793RL;912441998;33679737825;
10100;;N-03;AX051KB;912443305;33689867253;
10100;;N-06;CC129SA;912444176;33688029005;
10100;;N-08;BQ392XN;912444177;33683465581;
30076;;DEPANNEUSE;CR-765-EB;613321509;33789590299;
40092;;TEMSA SAFARI;BV 306 AQ;613460815;33686342476;
40092;;TEMSA TOURMALIN;CY 560 HE;613460843;33686342427;
40092;;CROSSWAY;8796 MQ 32;613460908;33643014545;
40092;;RECREO;CK-743-CZ;613460970;33681637884;
40092;;TEMSA Safari HD;AT-575-BR;613460986;33786079552;
40092;;MERCEDES 22 RESERVE RBR2;AW-917-ET;613321290;3363273756;
40092;;WW3-R1 CASSAGNE;CZ-314-FJ;613321292;33671914305;
40092;;WW7 RIEUPEYROUX;CZ-342-FL;613321293;33645506303;
40092;;SAFARI HD 13;AK-718-EV;613321297;33684945528;
40092;;WW6 GONDRAN;CZ-425-FL;613321298;33684945343;
40092;;SAFARI 13 BLANC RESERVE RBR1;4100 PR 12;613321301;33632737578;
40092;;WW4-B4  NAUCELLE;CZ-225-FK ;613321336;33684944992;
40092;;SAFARIS 13 VERT RB8;5218 PE 12;613321345;33684945027;
40092;;WW1-R2 REQUISTA;CZ-898-FK;613321363;33684943929;
40092;;FORD TRANSIT CONNAC;AY-215-HH;912443339;33687053042;
40092;;JUMPY HDI DURENQUE;AY-179-SL;912443369;33677779935;
100001;;BG523WL;BG523WL;613460936;33676554617;
20037;;Scooly;AQ-007-KP;912443806;33645386980;
20037;;TRACER Marques;310 WT 37;912443817;33689382157;
30033;;Porsche Macan S Diesel;NE-QQ 6480;613461294;33640337673;
30033;;0;;912441083;33689380364;
30033;;Range Vogue BLACK ;NE-QQ 6122;912441116;33684199911;
30033;;912441488;912441488;912441488;33645386833;
30033;;MB CLASS S350L WHITE;NE-QQ 6212;912442714;33640337932;
30033;;CLASSE S 350 BLACK;ARN-DT 143;912442786;33645282589;
30033;;Bentley flyin spur;HH-AA 5530;912442812;33647627165;
30033;;RANGE ROVER HSE BLACK;NE-QQ 6315;912442882;33684502364;
30033;;Porsche Targa 911;NE-QQ 6493;912442917;33676373989;
30033;;RANGE HSE BLACK;NE-QQ 6388;912442985;33681891228;
30033;;MB CLASS S350L Black;NE-QQ 6364;912443319;33681335317;
30033;;RANGE ROVER VOGUE;NE-QQ 6190;912443343;33688076820;
30033;;MB CLASS S beige pack amg;NE-QQ 6194;912443348;33632552134;
30033;;Porsche Macan Black;NE-QQ 6605;912443353;33687583123;
30033;;RANGE ROVER HSE WHITE;HH-AA 1284;912443358;33632321857;
30033;;912444168;912444168;912444168;33689864475;
30033;;MASERATI GHILBI;BN-BN 156;912444232;33789590814;
